DateTime,Task Name,Info,Error Description
(2/12/2026 2:13:18 PM) , UI_Interactions,Task Started,
(2/12/2026 2:13:29 PM) , UI_Interactions,Loop Pagingation Count: 1 Grid row count 0,
(2/12/2026 2:13:30 PM) , UI_Interactions,Input has less than Today's Date,
(2/12/2026 2:13:40 PM) , UI_Interactions,Image saved C:\Users\ppalaniv\Downloads\RPAChallenge\Input\o5rbiytv59bytahao3955,
(2/12/2026 2:13:40 PM) , OCR_Extraction,Task Started and extract Compant Name,
(2/12/2026 2:13:53 PM) , OCR_Extraction,Extract Invoice Date,
(2/12/2026 2:13:56 PM) , OCR_Extraction,Extract Invoice Number,
(2/12/2026 2:13:59 PM) , OCR_Extraction,Extract Total Due,
(2/12/2026 2:14:02 PM) , OCR_Extraction,Task End,
(2/12/2026 2:14:02 PM) , Update_CSV,Task Started,
(2/12/2026 2:14:07 PM) , Update_CSV,Update all 6 values,
(2/12/2026 2:14:08 PM) , Update_CSV,Task End,
(2/12/2026 2:14:08 PM) , UI_Interactions,Loop Pagingation Count: 1 Grid row count 1,
(2/12/2026 2:14:09 PM) , UI_Interactions,Loop Pagingation Count: 1 Grid row count 2,
(2/12/2026 2:14:09 PM) , UI_Interactions,Input has less than Today's Date,
(2/12/2026 2:14:18 PM) , UI_Interactions,Image saved C:\Users\ppalaniv\Downloads\RPAChallenge\Input\dfc0ttf0qcgd85i1n1ukw,
(2/12/2026 2:14:18 PM) , OCR_Extraction,Task Started and extract Compant Name,
(2/12/2026 2:14:21 PM) , OCR_Extraction,Extract Invoice Date,
(2/12/2026 2:14:24 PM) , OCR_Extraction,Extract Invoice Number,
(2/12/2026 2:14:27 PM) , OCR_Extraction,Extract Total Due,
(2/12/2026 2:14:30 PM) , OCR_Extraction,Task End,
(2/12/2026 2:14:30 PM) , Update_CSV,Task Started,
(2/12/2026 2:14:34 PM) , Update_CSV,Update all 6 values,
(2/12/2026 2:14:35 PM) , Update_CSV,Task End,
(2/12/2026 2:14:35 PM) , UI_Interactions,Loop Pagingation Count: 1 Grid row count 3,
(2/12/2026 2:14:36 PM) , UI_Interactions,Input has less than Today's Date,
(2/12/2026 2:14:44 PM) , UI_Interactions,Image saved C:\Users\ppalaniv\Downloads\RPAChallenge\Input\lwlv6x1tohtl03fdy9iy,
(2/12/2026 2:14:44 PM) , OCR_Extraction,Task Started and extract Compant Name,
(2/12/2026 2:14:57 PM) , OCR_Extraction,Extract Invoice Date,
(2/12/2026 2:15:00 PM) , OCR_Extraction,Extract Invoice Number,
(2/12/2026 2:15:03 PM) , OCR_Extraction,Extract Total Due,
(2/12/2026 2:15:06 PM) , OCR_Extraction,Task End,
(2/12/2026 2:15:06 PM) , Update_CSV,Task Started,
(2/12/2026 2:15:10 PM) , Update_CSV,Update all 6 values,
(2/12/2026 2:15:11 PM) , Update_CSV,Task End,
(2/12/2026 2:15:13 PM) , UI_Interactions,All rows processed proceed with next page,
(2/12/2026 2:15:13 PM) , UI_Interactions,Loop Pagingation Count: 2 Grid row count 4,
(2/12/2026 2:15:14 PM) , UI_Interactions,Input has less than Today's Date,
(2/12/2026 2:15:23 PM) , UI_Interactions,Image saved C:\Users\ppalaniv\Downloads\RPAChallenge\Input\38o7edz9owtpsw0fhq97je,
(2/12/2026 2:15:23 PM) , OCR_Extraction,Task Started and extract Compant Name,
(2/12/2026 2:15:26 PM) , OCR_Extraction,Extract Invoice Date,
(2/12/2026 2:15:29 PM) , OCR_Extraction,Extract Invoice Number,
(2/12/2026 2:15:32 PM) , OCR_Extraction,Extract Total Due,
(2/12/2026 2:15:35 PM) , OCR_Extraction,Task End,
(2/12/2026 2:15:35 PM) , Update_CSV,Task Started,
(2/12/2026 2:15:38 PM) , Update_CSV,Update all 6 values,
(2/12/2026 2:15:39 PM) , Update_CSV,Task End,
(2/12/2026 2:15:39 PM) , UI_Interactions,Loop Pagingation Count: 2 Grid row count 1,
(2/12/2026 2:15:39 PM) , UI_Interactions,Loop Pagingation Count: 2 Grid row count 2,
(2/12/2026 2:15:40 PM) , UI_Interactions,Loop Pagingation Count: 2 Grid row count 3,
(2/12/2026 2:15:42 PM) , UI_Interactions,All rows processed proceed with next page,
(2/12/2026 2:15:42 PM) , UI_Interactions,Loop Pagingation Count: 3 Grid row count 4,
(2/12/2026 2:15:42 PM) , UI_Interactions,Input has less than Today's Date,
(2/12/2026 2:15:51 PM) , UI_Interactions,Image saved C:\Users\ppalaniv\Downloads\RPAChallenge\Input\6bhiiybdovhrpb1lm7b9k,
(2/12/2026 2:15:51 PM) , OCR_Extraction,Task Started and extract Compant Name,
(2/12/2026 2:16:01 PM) , OCR_Extraction,Extract Invoice Date,
(2/12/2026 2:16:04 PM) , OCR_Extraction,Extract Invoice Number,
(2/12/2026 2:16:07 PM) , OCR_Extraction,Extract Total Due,
(2/12/2026 2:16:10 PM) , OCR_Extraction,Task End,
(2/12/2026 2:16:10 PM) , Update_CSV,Task Started,
(2/12/2026 2:16:13 PM) , Update_CSV,Update all 6 values,
(2/12/2026 2:16:14 PM) , Update_CSV,Task End,
(2/12/2026 2:16:14 PM) , UI_Interactions,Loop Pagingation Count: 3 Grid row count 1,
(2/12/2026 2:16:15 PM) , UI_Interactions,Input has less than Today's Date,
(2/12/2026 2:16:24 PM) , UI_Interactions,Image saved C:\Users\ppalaniv\Downloads\RPAChallenge\Input\po0q2cs3nf9st3t5499ng,
(2/12/2026 2:16:24 PM) , OCR_Extraction,Task Started and extract Compant Name,
(2/12/2026 2:16:27 PM) , OCR_Extraction,Extract Invoice Date,
(2/12/2026 2:16:30 PM) , OCR_Extraction,Extract Invoice Number,
(2/12/2026 2:16:32 PM) , OCR_Extraction,Extract Total Due,
(2/12/2026 2:16:35 PM) , OCR_Extraction,Task End,
(2/12/2026 2:16:35 PM) , Update_CSV,Task Started,
(2/12/2026 2:16:38 PM) , Update_CSV,Update all 6 values,
(2/12/2026 2:16:39 PM) , Update_CSV,Task End,
(2/12/2026 2:16:39 PM) , UI_Interactions,Loop Pagingation Count: 3 Grid row count 2,
(2/12/2026 2:16:40 PM) , UI_Interactions,Loop Pagingation Count: 3 Grid row count 3,
(2/12/2026 2:16:48 PM) , UI_Interactions,Processsed all upload the ouput CSV File,
